{
    "path_count": 180,
    "parsed_path_count": 180,
    "static_analysis_path_count": 22,
    "static_analysis_parsed_path_count": 22,
    "is_partial_parse_enabled": true,
    "is_static_analysis_enabled": true,
    "read_files_elapsed": 0.03369209299853537,
    "load_macros_elapsed": 0.46423133100324776,
    "parse_project_elapsed": 0.5409846600014134,
    "patch_sources_elapsed": 0.05221050100226421,
    "process_manifest_elapsed": 0.023571521996927913,
    "load_all_elapsed": 1.2388447859993903,
    "projects": [
        {
            "project_name": "olist",
            "elapsed": 0.5316656150025665,
            "parsers": [
                {
                    "parser": "model",
                    "elapsed": 0.18223569400288397,
                    "parsed_path_count": 22
                },
                {
                    "parser": "test",
                    "elapsed": 0.3471528949958156,
                    "parsed_path_count": 5
                }
            ],
            "parsed_path_count": 27
        },
        {
            "project_name": "dbt_snowflake",
            "elapsed": 0.0030867630048305728,
            "parsers": [],
            "parsed_path_count": 0
        },
        {
            "project_name": "dbt",
            "elapsed": 0.0057094860094366595,
            "parsers": [
                {
                    "parser": "doc",
                    "elapsed": 0.0001489429996581748,
                    "parsed_path_count": 1
                }
            ],
            "parsed_path_count": 1
        }
    ]
}